{"cameraMode":{"drawMode":0,"name":"Shaded","section":"Shading Mode"},"sceneLighting":true,"audioPlay":false,"sceneViewState":{"showFog":true,"showMaterialUpdate":true,"showSkybox":true,"showFlares":true,"showImageEffects":true,"showParticleSystems":true},"in2DMode":false,"pivot":{"x":-2.5776920318603517,"y":2.6387569904327394,"z":0.5298500657081604},"rotation":{"x":0.15343567728996278,"y":0.3046526610851288,"z":-0.049796175211668017,"w":0.938703715801239},"size":13.35012435913086,"orthographic":false}